Dept,Type,Month,Expenses,Salaries
Marketing,Actual,Jan,14856,8452
Marketing,Actual,Feb,9874,8452
Marketing,Actual,Mar,5648,8452
Marketing,Actual,Apr,5213,8452
Marketing,Actual,May,25875,8452
Marketing,Actual,Jun,12478,8452
Marketing,Plan,Jul,1532,9752
Marketing,Plan,Aug,7865,9752
Marketing,Plan,Sep,6954,9752
Marketing,Plan,Oct,18752,12451
Marketing,Plan,Nov,25677,12451
Marketing,Plan,Dec,7584,12451
Sales,Actual,Jan,5448,7542
Sales,Actual,Feb,5487,7542
Sales,Actual,Mar,8495,7542
Sales,Actual,Apr,5431,7542
Sales,Actual,May,3457,9014
Sales,Actual,Jun,7854,9014
Sales,Plan,Jul,9653,9780
Sales,Plan,Aug,4578,9780
Sales,Plan,Sep,9547,9780
Sales,Plan,Oct,5321,9780
Sales,Plan,Nov,1247,9780
Sales,Plan,Dec,4521,9780
Accounting,Actual,Jan,754,7485
Accounting,Actual,Feb,547,7485
Accounting,Actual,Mar,532,7485
Accounting,Actual,Apr,745,7485
Accounting,Actual,May,824,7485
Accounting,Actual,Jun,985,7485
Accounting,Plan,Jul,324,7485
Accounting,Plan,Aug,124,7485
Accounting,Plan,Sep,178,7485
Accounting,Plan,Oct,148,7485
Accounting,Plan,Nov,289,7485
Accounting,Plan,Dec,310,7485
Human Resources,Actual,Jan,785,6854
Human Resources,Actual,Feb,985,6854
Human Resources,Actual,Mar,758,6854
Human Resources,Actual,Apr,845,6854
Human Resources,Actual,May,853,6854
Human Resources,Actual,Jun,897,6854
Human Resources,Plan,Jul,945,6854
Human Resources,Plan,Aug,945,6854
Human Resources,Plan,Sep,1024,7898
Human Resources,Plan,Oct,1024,7898
Human Resources,Plan,Nov,1181,7898
Human Resources,Plan,Dec,1181,7898
IT,Actual,Jan,3542,10115
IT,Actual,Feb,7569,10115
IT,Actual,Mar,1586,10115
IT,Actual,Apr,1257,10115
IT,Actual,May,4218,12150
IT,Actual,Jun,5236,12150
IT,Plan,Jul,7865,12150
IT,Plan,Aug,1354,12150
IT,Plan,Sep,5432,13874
IT,Plan,Oct,5483,13874
IT,Plan,Nov,8797,13874
IT,Plan,Dec,5478,13874
Operations,Actual,Jan,7543,10452
Operations,Actual,Feb,7545,10452
Operations,Actual,Mar,8975,10452
Operations,Actual,Apr,8546,10452
Operations,Actual,May,10054,10452
Operations,Actual,Jun,9800,10452
Operations,Plan,Jul,9500,11752
Operations,Plan,Aug,8700,11752
Operations,Plan,Sep,9875,11752
Operations,Plan,Oct,11542,14451
Operations,Plan,Nov,15472,14451
Operations,Plan,Dec,9852,14451
