Month,Forecast,Type,Amount
Jan,Actual,Revenue," 15,420 "
Jan,Actual,Expense," (13,850)"
Jan,Actual,Net Cash," 1,570 "
Feb,Actual,Revenue," 18,785 "
Feb,Actual,Expense," (15,784)"
Feb,Actual,Net Cash," 3,001 "
Mar,Actual,Revenue," 17,235 "
Mar,Actual,Expense," (13,777)"
Mar,Actual,Net Cash," 3,458 "
Apr,Actual,Revenue," 21,471 "
Apr,Actual,Expense," (19,211)"
Apr,Actual,Net Cash," 2,260 "
May,Forecast,Revenue," 18,121 "
May,Forecast,Expense," (19,584)"
May,Forecast,Net Cash," (1,463)"
Jun,Forecast,Revenue," 19,788 "
Jun,Forecast,Expense," (18,795)"
Jun,Forecast,Net Cash, 993 
Jul,Forecast,Revenue," 16,754 "
Jul,Forecast,Expense," (18,477)"
Jul,Forecast,Net Cash," (1,723)"
Aug,Forecast,Revenue," 17,744 "
Aug,Forecast,Expense," (18,224)"
Aug,Forecast,Net Cash, (480)
Sep,Forecast,Revenue," 20,214 "
Sep,Forecast,Expense," (17,009)"
Sep,Forecast,Net Cash," 3,205 "
Oct,Forecast,Revenue," 21,894 "
Oct,Forecast,Expense," (16,412)"
Oct,Forecast,Net Cash," 5,482 "
Nov,Forecast,Revenue," 20,541 "
Nov,Forecast,Expense," (17,895)"
Nov,Forecast,Net Cash," 2,646 "
Dec,Forecast,Revenue," 22,457 "
Dec,Forecast,Expense," (14,875)"
Dec,Forecast,Net Cash," 7,582 "
