Dept,Type,Month,Expenses,Average,Salaries
Marketing,Actual, 1. Jan,14856,14856,18452
Marketing,Actual, 2. Feb,9874,12365,18452
Marketing,Actual, 3. Mar,5648,10126,18452
Marketing,Actual, 4. Apr,5213,8897.75,18452
Marketing,Actual, 5. May,25875,12293.2,18452
Marketing,Actual, 6. Jun,12478,12324,18452
Marketing,Plan, 7. Jul,1532,10782.28571,19752
Marketing,Plan, 8. Aug,7865,10417.625,19752
Marketing,Plan, 9. Sep,6954,10032.77778,19752
Marketing,Plan,10. Oct,18752,10904.7,24451
Marketing,Plan,11. Nov,25677,12247.63636,24451
Marketing,Plan,12. Dec,7584,11859,24451
Sales,Actual, 1. Jan,5448,5448,17542
Sales,Actual, 2. Feb,5487,5467.5,17542
Sales,Actual, 3. Mar,8495,6476.666667,17542
Sales,Actual, 4. Apr,5431,6215.25,17542
Sales,Actual, 5. May,3457,5663.6,19014
Sales,Actual, 6. Jun,7854,6028.666667,19014
Sales,Plan, 7. Jul,9653,6546.428571,19780
Sales,Plan, 8. Aug,4578,6300.375,19780
Sales,Plan, 9. Sep,9547,6661.111111,19780
Sales,Plan,10. Oct,5321,6527.1,19780
Sales,Plan,11. Nov,1247,6047.090909,19780
Sales,Plan,12. Dec,4521,5919.916667,19780
Accounting,Actual, 1. Jan,754,754,7485
Accounting,Actual, 2. Feb,547,650.5,7485
Accounting,Actual, 3. Mar,532,611,7485
Accounting,Actual, 4. Apr,745,644.5,7485
Accounting,Actual, 5. May,824,680.4,7485
Accounting,Actual, 6. Jun,985,731.1666667,7485
Accounting,Plan, 7. Jul,324,673,7485
Accounting,Plan, 8. Aug,124,604.375,7485
Accounting,Plan, 9. Sep,178,557,7485
Accounting,Plan,10. Oct,148,516.1,7485
Accounting,Plan,11. Nov,289,495.4545455,7485
Accounting,Plan,12. Dec,310,480,7485
Human Resources,Actual, 1. Jan,785,785,6854
Human Resources,Actual, 2. Feb,985,885,6854
Human Resources,Actual, 3. Mar,758,842.6666667,6854
Human Resources,Actual, 4. Apr,845,843.25,6854
Human Resources,Actual, 5. May,853,845.2,6854
Human Resources,Actual, 6. Jun,897,853.8333333,6854
Human Resources,Plan, 7. Jul,945,866.8571429,6854
Human Resources,Plan, 8. Aug,945,876.625,6854
Human Resources,Plan, 9. Sep,1024,893,7898
Human Resources,Plan,10. Oct,1024,906.1,7898
Human Resources,Plan,11. Nov,1181,931.0909091,7898
Human Resources,Plan,12. Dec,1181,951.9166667,7898
IT,Actual, 1. Jan,3542,3542,10115
IT,Actual, 2. Feb,7569,5555.5,10115
IT,Actual, 3. Mar,1586,4232.333333,10115
IT,Actual, 4. Apr,1257,3488.5,10115
IT,Actual, 5. May,4218,3634.4,12150
IT,Actual, 6. Jun,5236,3901.333333,12150
IT,Plan, 7. Jul,7865,4467.571429,12150
IT,Plan, 8. Aug,1354,4078.375,12150
IT,Plan, 9. Sep,5432,4228.777778,15874
IT,Plan,10. Oct,5483,4354.2,15874
IT,Plan,11. Nov,8797,4758.090909,15874
IT,Plan,12. Dec,5478,4818.083333,15874
Operations,Actual, 1. Jan,7543,7543,18452
Operations,Actual, 2. Feb,7545,7544,18452
Operations,Actual, 3. Mar,8975,8021,18452
Operations,Actual, 4. Apr,8546,8152.25,18452
Operations,Actual, 5. May,10054,8532.6,18452
Operations,Actual, 6. Jun,9800,8743.833333,18452
Operations,Plan, 7. Jul,9500,8851.857143,19752
Operations,Plan, 8. Aug,8700,8832.875,19752
Operations,Plan, 9. Sep,9875,8948.666667,19752
Operations,Plan,10. Oct,11542,9208,24451
Operations,Plan,11. Nov,15472,9777.454545,24451
Operations,Plan,12. Dec,9852,9783.666667,24451
