Company,Days Out,Amount
Aardvark Corp,Current,28500
Aardvark Corp,Net 30 ,5200
Aardvark Corp,Net 60,542
Aardvark Corp,Net 90,0
Anvil LLC,Current,36005
Anvil LLC,Net 30 ,8452
Anvil LLC,Net 60,2333
Anvil LLC,Net 90,98753
Time Inc,Current,50400
Time Inc,Net 30 ,6563
Time Inc,Net 60,3626
Time Inc,Net 90,9875
Fallen Arrow Inc,Current,25400
Fallen Arrow Inc,Net 30 ,542
Fallen Arrow Inc,Net 60,2687
Fallen Arrow Inc,Net 90,0
Widget LLC,Current,21578
Widget LLC,Net 30 ,4258
Widget LLC,Net 60,1483
Widget LLC,Net 90,542
Happy Inc,Current,0
Happy Inc,Net 30 ,3286
Happy Inc,Net 60,0
Happy Inc,Net 90,0
Services Corp,Current,8448
Services Corp,Net 30 ,4263
Services Corp,Net 60,7852
Services Corp,Net 90,0
Lawton Corp,Current,7845
Lawton Corp,Net 30 ,4521
Lawton Corp,Net 60,0
Lawton Corp,Net 90,0
Diet Track Inc,Current,9653
Diet Track Inc,Net 30 ,1244
Diet Track Inc,Net 60,0
Diet Track Inc,Net 90,0
